,Model,Accuracy,Precision,Recall,F1
0,ResNet_IFOF,0.2896825396825397,0.25412763466042154,0.2896825396825397,0.2132275497335697
1,ResNet_IF,0.35135135135135137,0.4547499589516396,0.35135135135135137,0.34648613705034653
2,EfficientNet_IFOF,0.44841269841269843,0.47605017599787464,0.44841269841269843,0.3127349010560652
3,EfficientNet_IF,0.3745173745173745,0.25069311615774864,0.3745173745173745,0.2954844856513169
